,Vader_Positive_Score,Vader_Positive_Score,Vader_Positive_Score,Vader_Positive_Score,Vader_Positive_Score
,min,max,mean,median,std
Class_name,,,,,
mole_mole_(animal),0.0,0.328,0.04750675675675676,0.0,0.07202196345103203
mole_mole_(architecture),0.0,0.155,0.03652941176470589,0.0,0.0513701675843778
mole_mole_(espionage),0.0,0.347,0.057691666666666676,0.0215,0.07600196766950088
mole_mole_(unit),0.0,0.25,0.05548148148148147,0.0295,0.06611226383629895
mole_mole_sauce,0.0,0.235,0.03183018867924529,0.0,0.054270595469886114
