,Vader_Compound_Score,Vader_Compound_Score,Vader_Compound_Score,Vader_Compound_Score,Vader_Compound_Score
,min,max,mean,median,std
Class_name,,,,,
mole_mole_(animal),-0.9214,0.9136,0.013006756756756761,0.0,0.3541888374964645
mole_mole_(architecture),-0.872,0.7845,-0.0073999999999999995,0.0,0.3136949658505855
mole_mole_(espionage),-0.9201,0.8176,-0.1094341666666667,0.0,0.44873292996644953
mole_mole_(unit),-0.6908,0.8777,0.13177962962962964,0.0,0.2956067104189642
mole_mole_sauce,-0.5719,0.7506,0.09641320754716984,0.0,0.23826982848938294
