,Cosine_Similarity_Score,Cosine_Similarity_Score,Cosine_Similarity_Score,Cosine_Similarity_Score,Cosine_Similarity_Score
,min,max,mean,median,std
Class_name,,,,,
hood_hood_(comics),-0.06273641743354902,0.3611320729762912,0.16595657010954476,0.16116874919414875,0.08625953216086285
hood_hood_(headgear),-0.03996801025420955,0.37401447181299485,0.10575987548956589,0.0964804483974372,0.09674070462440497
hood_hood_(vehicle),-0.15271454553435465,0.38210068014573184,0.09953629165356845,0.10009487248985208,0.10968471257812537
